Website,target Keyword,target link,live link,status,Unnamed: 5,Unnamed: 6
https://aajkaltrend.com/,"Heart Centre in gurugram, haryana, CT scan services in gurugram, Haryana, Cardiology specialists in Gurugram
",https://maps.app.goo.gl/AzooGh2feSnPB3KC9,https://aajkaltrend.com/published,,,
https://webdigitalonline.com/,"Heart Centre in gurugram, haryana, CT scan services in gurugram, Haryana, Cardiology specialists in Gurugram
",https://maps.app.goo.gl/AzooGh2feSnPB3KC9,https://webdigitalonline.com/published,,,
https://videosongguru.com/,"Heart Centre in gurugram, haryana, CT scan services in gurugram, Haryana, Cardiology specialists in Gurugram
",https://maps.app.goo.gl/AzooGh2feSnPB3KC9,https://videosongguru.com/published,,,
https://thehealthvinegar.com/,"Heart Centre in gurugram, haryana, CT scan services in gurugram, Haryana, Cardiology specialists in Gurugram
",https://maps.app.goo.gl/AzooGh2feSnPB3KC9,https://thehealthvinegar.com/published,,,
https://bookmark4you.online/,"Heart Centre in gurugram, haryana, CT scan services in gurugram, Haryana, Cardiology specialists in Gurugram
",https://maps.app.goo.gl/AzooGh2feSnPB3KC9,https://bookmark4you.online/published,,,
https://urlshortener.site/,"Heart Centre in gurugram, haryana, CT scan services in gurugram, Haryana, Cardiology specialists in Gurugram
",https://maps.app.goo.gl/AzooGh2feSnPB3KC9,https://urlshortener.site/published,,,
baseball.bookmarking.info,"Heart Centre in gurugram, haryana, CT scan services in gurugram, Haryana, Cardiology specialists in Gurugram
",https://maps.app.goo.gl/AzooGh2feSnPB3KC9,https://baseball.bookmarking.info/story/your-health-our-priority-discover-the-expert-healthcare-solutions-in-gurugram-with-umang-hospital,,,
beauty.bookmarking.info,"Heart Centre in gurugram, haryana, CT scan services in gurugram, Haryana, Cardiology specialists in Gurugram
",https://maps.app.goo.gl/AzooGh2feSnPB3KC9,https://beauty.bookmarking.info/story/your-health-our-priority-discover-the-expert-healthcare-solutions-in-gurugram-with-umang-hospital,,,
beautydietreview.bookmarking.info,"Heart Centre in gurugram, haryana, CT scan services in gurugram, Haryana, Cardiology specialists in Gurugram
",https://maps.app.goo.gl/AzooGh2feSnPB3KC9,https://beautydietreview.bookmarking.info/story/your-health-our-priority-discover-the-expert-healthcare-solutions-in-gurugram-with-umang-hospital,,,
exchangle.com,"Heart Centre in gurugram, haryana, CT scan services in gurugram, Haryana, Cardiology specialists in Gurugram
",https://maps.app.goo.gl/AzooGh2feSnPB3KC9,https://www.exchangle.com/valv,,,
myseooonline.bookmarking.info,"Heart Centre in gurugram, haryana, CT scan services in gurugram, Haryana, Cardiology specialists in Gurugram
",https://maps.app.goo.gl/AzooGh2feSnPB3KC9,https://myseooonline.bookmarking.info/story/your-health-our-priority-discover-the-expert-healthcare-solutions-in-gurugram-with-umang-hospital,,,
seogroup.bookmarking.info,"Heart Centre in gurugram, haryana, CT scan services in gurugram, Haryana, Cardiology specialists in Gurugram
",https://maps.app.goo.gl/AzooGh2feSnPB3KC9,https://seogroup.bookmarking.info/story/your-health-our-priority-discover-the-expert-healthcare-solutions-in-gurugram-with-umang-hospital,,,
seosmo.bookmarking.info,"Heart Centre in gurugram, haryana, CT scan services in gurugram, Haryana, Cardiology specialists in Gurugram
",https://maps.app.goo.gl/AzooGh2feSnPB3KC9,https://seosmo.bookmarking.info/story/your-health-our-priority-discover-the-expert-healthcare-solutions-in-gurugram-with-umang-hospital,,,
seoweb.bookmarking.info,"Heart Centre in gurugram, haryana, CT scan services in gurugram, Haryana, Cardiology specialists in Gurugram
",https://maps.app.goo.gl/AzooGh2feSnPB3KC9,https://seoweb.bookmarking.info/story/your-health-our-priority-discover-the-expert-healthcare-solutions-in-gurugram-with-umang-hospital,,,
single.goarticles.info,"Heart Centre in gurugram, haryana, CT scan services in gurugram, Haryana, Cardiology specialists in Gurugram
",https://maps.app.goo.gl/AzooGh2feSnPB3KC9,https://single.goarticles.info/story/your-health-our-priority-discover-the-expert-healthcare-solutions-in-gurugram-with-umang-hospital,,,
sites.goarticles.info,"Heart Centre in gurugram, haryana, CT scan services in gurugram, Haryana, Cardiology specialists in Gurugram
",https://maps.app.goo.gl/AzooGh2feSnPB3KC9,http://sites.goarticles.info/story/your-health-our-priority-discover-the-expert-healthcare-solutions-in-gurugram-with-umang-hospital,,,
skep.goarticles.info,"Heart Centre in gurugram, haryana, CT scan services in gurugram, Haryana, Cardiology specialists in Gurugram
",https://maps.app.goo.gl/AzooGh2feSnPB3KC9,http://skep.goarticles.info/story/your-health-our-priority-discover-the-expert-healthcare-solutions-in-gurugram-with-umang-hospital,,,
socialbookmarknow.info,"Heart Centre in gurugram, haryana, CT scan services in gurugram, Haryana, Cardiology specialists in Gurugram
",https://maps.app.goo.gl/AzooGh2feSnPB3KC9,https://www.socialbookmarknow.info/preview-article/,,,
socialmedia.bookmarking.info,"Heart Centre in gurugram, haryana, CT scan services in gurugram, Haryana, Cardiology specialists in Gurugram
",https://maps.app.goo.gl/AzooGh2feSnPB3KC9,https://socialmedia.bookmarking.info/story/your-health-our-priority-discover-the-expert-healthcare-solutions-in-gurugram-with-umang-hospital,,,
a1bookmarks.com,"Heart Centre in gurugram, haryana, CT scan services in gurugram, Haryana, Cardiology specialists in Gurugram
",https://maps.app.goo.gl/AzooGh2feSnPB3KC9,https://www.a1bookmarks.com/preview-story/#google_vignette,,,
a2zbookmarking.com,"Heart Centre in gurugram, haryana, CT scan services in gurugram, Haryana, Cardiology specialists in Gurugram
",https://maps.app.goo.gl/AzooGh2feSnPB3KC9,https://www.a2zbookmarking.com/preview-story/#google_vignette,,,
a2zbookmarks.com,"Heart Centre in gurugram, haryana, CT scan services in gurugram, Haryana, Cardiology specialists in Gurugram
",https://maps.app.goo.gl/AzooGh2feSnPB3KC9,https://www.a2zbookmarks.com/preview-bookmark/#google_vignette,,,
a2ztopnews.com,"Heart Centre in gurugram, haryana, CT scan services in gurugram, Haryana, Cardiology specialists in Gurugram
",https://maps.app.goo.gl/AzooGh2feSnPB3KC9,https://www.a2ztopnews.com/preview-news/,,,
activebookmarks.com,"Heart Centre in gurugram, haryana, CT scan services in gurugram, Haryana, Cardiology specialists in Gurugram
",https://maps.app.goo.gl/AzooGh2feSnPB3KC9,https://www.activebookmarks.com/preview-bookmark/#google_vignette,,,
https://seositeslist.com/,"Heart Centre in gurugram, haryana, CT scan services in gurugram, Haryana, Cardiology specialists in Gurugram
",https://maps.app.goo.gl/AzooGh2feSnPB3KC9,https://seositeslist.com/published,,,
https://seosocialsites.com/,"Heart Centre in gurugram, haryana, CT scan services in gurugram, Haryana, Cardiology specialists in Gurugram
",https://maps.app.goo.gl/AzooGh2feSnPB3KC9,https://seosocialsites.com/published#google_vignette,,,
https://socialbookmarkingweb.com/,"Heart Centre in gurugram, haryana, CT scan services in gurugram, Haryana, Cardiology specialists in Gurugram
",https://maps.app.goo.gl/AzooGh2feSnPB3KC9,https://socialbookmarkingweb.com/published,,,
https://seosubmissionsiteslist.com/,"Heart Centre in gurugram, haryana, CT scan services in gurugram, Haryana, Cardiology specialists in Gurugram
",https://maps.app.goo.gl/AzooGh2feSnPB3KC9,https://seosubmissionsiteslist.com/published,,,
https://simplesiteseo.com/,"Heart Centre in gurugram, haryana, CT scan services in gurugram, Haryana, Cardiology specialists in Gurugram
",https://maps.app.goo.gl/AzooGh2feSnPB3KC9,https://simplesiteseo.com/published,,,
https://skyyourbookmark.com/,"Heart Centre in gurugram, haryana, CT scan services in gurugram, Haryana, Cardiology specialists in Gurugram
",https://maps.app.goo.gl/AzooGh2feSnPB3KC9,https://skyyourbookmark.com/published#google_vignette,,,
appbookmarks.com,"Heart Centre in gurugram, haryana, CT scan services in gurugram, Haryana, Cardiology specialists in Gurugram
",https://maps.app.goo.gl/AzooGh2feSnPB3KC9,https://www.appbookmarks.com/preview-news/#google_vignette,,,
articlemerits.com,"Heart Centre in gurugram, haryana, CT scan services in gurugram, Haryana, Cardiology specialists in Gurugram
",https://maps.app.goo.gl/AzooGh2feSnPB3KC9,https://www.articlemerits.com/preview-article/,,,
articles.h1ad.com,"Heart Centre in gurugram, haryana, CT scan services in gurugram, Haryana, Cardiology specialists in Gurugram
",https://maps.app.goo.gl/AzooGh2feSnPB3KC9,https://articles.h1ad.com/article-submitted/,,,
articlevote.com,"Heart Centre in gurugram, haryana, CT scan services in gurugram, Haryana, Cardiology specialists in Gurugram
",https://maps.app.goo.gl/AzooGh2feSnPB3KC9,https://www.articlevote.com/preview-article/,,,
atavi.com,"Heart Centre in gurugram, haryana, CT scan services in gurugram, Haryana, Cardiology specialists in Gurugram
",https://maps.app.goo.gl/AzooGh2feSnPB3KC9,https://atavi.com,,,
avader.org,"Heart Centre in gurugram, haryana, CT scan services in gurugram, Haryana, Cardiology specialists in Gurugram
",https://maps.app.goo.gl/AzooGh2feSnPB3KC9,https://avader.org/published,,,
https://prbookmarking.com/,"Heart Centre in gurugram, haryana, CT scan services in gurugram, Haryana, Cardiology specialists in Gurugram
",https://maps.app.goo.gl/AzooGh2feSnPB3KC9,https://prbookmarking.com/published#google_vignette,,,
https://realestatesseo.com/,"Heart Centre in gurugram, haryana, CT scan services in gurugram, Haryana, Cardiology specialists in Gurugram
",https://maps.app.goo.gl/AzooGh2feSnPB3KC9,https://realestatesseo.com/page/business-services/your-health-our-priority-discover-the-expert-healthcare-solutions-in-gurugram-with-umang-hospital#google_vignette,,,
https://sbmoffpagesites.com/,"Heart Centre in gurugram, haryana, CT scan services in gurugram, Haryana, Cardiology specialists in Gurugram
",https://maps.app.goo.gl/AzooGh2feSnPB3KC9,https://sbmoffpagesites.com/published#google_vignette,,,
https://sbmsiteslist.com/,"Heart Centre in gurugram, haryana, CT scan services in gurugram, Haryana, Cardiology specialists in Gurugram
",https://maps.app.goo.gl/AzooGh2feSnPB3KC9,https://sbmsiteslist.com/published#google_vignette,,,
https://seoandgrowth.com/,"Heart Centre in gurugram, haryana, CT scan services in gurugram, Haryana, Cardiology specialists in Gurugram
",https://maps.app.goo.gl/AzooGh2feSnPB3KC9,https://seoandgrowth.com/page/business-services/your-health-our-priority-discover-the-expert-healthcare-solutions-in-gurugram-with-umang-hospital-,,,
https://seoforbookmarking.com/,"Heart Centre in gurugram, haryana, CT scan services in gurugram, Haryana, Cardiology specialists in Gurugram
",https://maps.app.goo.gl/AzooGh2feSnPB3KC9,https://seoforbookmarking.com/page/business-services/your-health-our-priority-discover-the-expert-healthcare-solutions-in-gurugram-with-umang-hospital-,,,
https://seomicrosites.com/,"Heart Centre in gurugram, haryana, CT scan services in gurugram, Haryana, Cardiology specialists in Gurugram
",https://maps.app.goo.gl/AzooGh2feSnPB3KC9,https://seomicrosites.com/page/business-services/your-health-our-priority-discover-the-expert-healthcare-solutions-in-gurugram-with-umang-hospital-,,,
https://seopromoz.com/,"Heart Centre in gurugram, haryana, CT scan services in gurugram, Haryana, Cardiology specialists in Gurugram
",https://maps.app.goo.gl/AzooGh2feSnPB3KC9,https://seopromoz.com/page/business-services/your-health-our-priority-discover-the-expert-healthcare-solutions-in-gurugram-with-umang-hospital-,,,
https://seoprovidercompany.com/,"Heart Centre in gurugram, haryana, CT scan services in gurugram, Haryana, Cardiology specialists in Gurugram
",https://maps.app.goo.gl/AzooGh2feSnPB3KC9,https://seoprovidercompany.com/page/business-services/your-health-our-priority-discover-the-expert-healthcare-solutions-in-gurugram-with-umang-hospital-,,,
https://seoranklists.com/,"Heart Centre in gurugram, haryana, CT scan services in gurugram, Haryana, Cardiology specialists in Gurugram
",https://maps.app.goo.gl/AzooGh2feSnPB3KC9,https://seoranklists.com/page/business-services/your-health-our-priority-discover-the-expert-healthcare-solutions-in-gurugram-with-umang-hospital-,,,
https://socialsbmsites.com/,"Heart Centre in gurugram, haryana, CT scan services in gurugram, Haryana, Cardiology specialists in Gurugram
",https://maps.app.goo.gl/AzooGh2feSnPB3KC9,https://socialsbmsites.com/page/business-services/your-health-our-priority-discover-the-expert-healthcare-solutions-in-gurugram-with-umang-hospital-,,,
https://technologysbmsites.com/,"Heart Centre in gurugram, haryana, CT scan services in gurugram, Haryana, Cardiology specialists in Gurugram
",https://maps.app.goo.gl/AzooGh2feSnPB3KC9,https://technologysbmsites.com/page/business-services/your-health-our-priority-discover-the-expert-healthcare-solutions-in-gurugram-with-umang-hospital-,,,
https://thehealthworld.net/,"Heart Centre in gurugram, haryana, CT scan services in gurugram, Haryana, Cardiology specialists in Gurugram
",https://maps.app.goo.gl/AzooGh2feSnPB3KC9,https://thehealthworld.net/page/business-services/your-health-our-priority-discover-the-expert-healthcare-solutions-in-gurugram-with-umang-hospital-,,,
https://seosbmlinks.com/,"Heart Centre in gurugram, haryana, CT scan services in gurugram, Haryana, Cardiology specialists in Gurugram
",https://maps.app.goo.gl/AzooGh2feSnPB3KC9,https://seosbmlinks.com/page/business-services/your-health-our-priority-discover-the-expert-healthcare-solutions-in-gurugram-with-umang-hospital-,,,
https://tipsforhealthcare.net/,"Heart Centre in gurugram, haryana, CT scan services in gurugram, Haryana, Cardiology specialists in Gurugram",https://maps.app.goo.gl/AzooGh2feSnPB3KC9,https://tipsforhealthcare.net/page/business-services/your-health-our-priority-discover-the-expert-healthcare-solutions-in-gurugram-with-umang-hospital-,,,
https://tryonhouseofholland.com/,"Heart Centre in gurugram, haryana, CT scan services in gurugram, Haryana, Cardiology specialists in Gurugram",https://maps.app.goo.gl/AzooGh2feSnPB3KC9,https://tryonhouseofholland.com/page/business-services/your-health-our-priority-discover-the-expert-healthcare-solutions-in-gurugram-with-umang-hospital-,,,
https://votebookmarking.com/,"Heart Centre in gurugram, haryana, CT scan services in gurugram, Haryana, Cardiology specialists in Gurugram",https://maps.app.goo.gl/AzooGh2feSnPB3KC9,https://votebookmarking.com/page/business-services/your-health-our-priority-discover-the-expert-healthcare-solutions-in-gurugram-with-umang-hospital-#google_vignette,,,
https://topsocialbookmarkinglist.com/,"Heart Centre in gurugram, haryana, CT scan services in gurugram, Haryana, Cardiology specialists in Gurugram",https://maps.app.goo.gl/AzooGh2feSnPB3KC9,https://topsocialbookmarkinglist.com/page/business-services/your-health-our-priority-discover-the-expert-healthcare-solutions-in-gurugram-with-umang-hospital-,,,
https://webdigi.net/,"Heart Centre in gurugram, haryana, CT scan services in gurugram, Haryana, Cardiology specialists in Gurugram",https://maps.app.goo.gl/AzooGh2feSnPB3KC9,https://webdigi.net/page/business-services/your-health-our-priority-discover-the-expert-healthcare-solutions-in-gurugram-with-umang-hospital-,,,
https://webdigitalservices.net/,"Heart Centre in gurugram, haryana, CT scan services in gurugram, Haryana, Cardiology specialists in Gurugram",https://maps.app.goo.gl/AzooGh2feSnPB3KC9,https://webdigitalservices.net/page/business-services/your-health-our-priority-discover-the-expert-healthcare-solutions-in-gurugram-with-umang-hospital-,,,
https://websitedirectoryfree.com/,"Heart Centre in gurugram, haryana, CT scan services in gurugram, Haryana, Cardiology specialists in Gurugram",https://maps.app.goo.gl/AzooGh2feSnPB3KC9,https://websitedirectoryfree.com/page/business-services/your-health-our-priority-discover-the-expert-healthcare-solutions-in-gurugram-with-umang-hospital-,,,
https://freebookmarkingsubmission.net/,"Heart Centre in gurugram, haryana, CT scan services in gurugram, Haryana, Cardiology specialists in Gurugram",https://maps.app.goo.gl/AzooGh2feSnPB3KC9,https://freebookmarkingsubmission.net/page/business-services/your-health-our-priority-discover-the-expert-healthcare-solutions-in-gurugram-with-umang-hospital,,,
https://www.hitechgroup.xyz/,"Heart Centre in gurugram, haryana, CT scan services in gurugram, Haryana, Cardiology specialists in Gurugram",https://maps.app.goo.gl/AzooGh2feSnPB3KC9,https://hitechgroup.xyz/page/business-services/your-health-our-priority-discover-the-expert-healthcare-solutions-in-gurugram-with-umang-hospital-,,,
https://www.socialbookmarkingsitelist.xyz/,"Heart Centre in gurugram, haryana, CT scan services in gurugram, Haryana, Cardiology specialists in Gurugram",https://maps.app.goo.gl/AzooGh2feSnPB3KC9,https://www.socialbookmarkingsitelist.xyz/page/business-services/your-health-our-priority-discover-the-expert-healthcare-solutions-in-gurugram-with-umang-hospital-,,,
https://onlinedigitalbookmark.com/,"Heart Centre in gurugram, haryana, CT scan services in gurugram, Haryana, Cardiology specialists in Gurugram",https://maps.app.goo.gl/AzooGh2feSnPB3KC9,https://onlinedigitalbookmark.com/page/business-services/your-health-our-priority-discover-the-expert-healthcare-solutions-in-gurugram-with-umang-hospital-,,,
https://www.socialbookmarkingsitesindia.xyz/,"Heart Centre in gurugram, haryana, CT scan services in gurugram, Haryana, Cardiology specialists in Gurugram",https://maps.app.goo.gl/AzooGh2feSnPB3KC9,https://www.socialbookmarkingsitesindia.xyz/page/business-services/your-health-our-priority-discover-the-expert-healthcare-solutions-in-gurugram-with-umang-hospital-,,,
https://myfreelancerbook.com/,"Heart Centre in gurugram, haryana, CT scan services in gurugram, Haryana, Cardiology specialists in Gurugram",https://maps.app.goo.gl/AzooGh2feSnPB3KC9,https://myfreelancerbook.com/page/business-services/your-health-our-priority-discover-the-expert-healthcare-solutions-in-gurugram-with-umang-hospital-,,,
https://www.pbookmarking.com,"Heart Centre in gurugram, haryana, CT scan services in gurugram, Haryana, Cardiology specialists in Gurugram",https://maps.app.goo.gl/AzooGh2feSnPB3KC9,https://www.pbookmarking.com/story/your-health-our-priority-discover-the-expert-healthcare-solutions-in-gurugram-with-umang-hospital,,,
www.patreon.com,"Heart Centre in gurugram, haryana, CT scan services in gurugram, Haryana, Cardiology specialists in Gurugram",https://maps.app.goo.gl/AzooGh2feSnPB3KC9,https://www.patreon.com/posts/your-health-our-122490892,,,
http://bookmarkcart.com,"Heart Centre in gurugram, haryana, CT scan services in gurugram, Haryana, Cardiology specialists in Gurugram",https://maps.app.goo.gl/AzooGh2feSnPB3KC9,https://www.bookmarkcart.com/preview-listing/,,,
ukbookmarks.com,"Heart Centre in gurugram, haryana, CT scan services in gurugram, Haryana, Cardiology specialists in Gurugram",https://maps.app.goo.gl/AzooGh2feSnPB3KC9,https://www.ukbookmarks.com/your-health-our-priority-discover-the-expert-healthcare-solutions-in-gurugram-with-umang-hospital/,,,
bookmarktheme.info,"Heart Centre in gurugram, haryana, CT scan services in gurugram, Haryana, Cardiology specialists in Gurugram",https://maps.app.goo.gl/AzooGh2feSnPB3KC9,https://www.bookmarktheme.info/your-health-our-priority-discover-the-expert-healthcare-solutions-in-gurugram-with-umang-hospita/,,,
ultrabookmarks.com,"Heart Centre in gurugram, haryana, CT scan services in gurugram, Haryana, Cardiology specialists in Gurugram",https://maps.app.goo.gl/AzooGh2feSnPB3KC9,https://www.ultrabookmarks.com/your-health-our-priority-discover-the-expert-healthcare-solutions-in-gurugram-with-umang-hospita/,,,
postbookmarks.com,"Heart Centre in gurugram, haryana, CT scan services in gurugram, Haryana, Cardiology specialists in Gurugram",https://maps.app.goo.gl/AzooGh2feSnPB3KC9,https://www.postbookmarks.com/your-health-our-priority-discover-the-expert-healthcare-solutions-in-gurugram-with-umang-hospital/,,,
topwebmarks.com,"Heart Centre in gurugram, haryana, CT scan services in gurugram, Haryana, Cardiology specialists in Gurugram",https://maps.app.goo.gl/AzooGh2feSnPB3KC9,https://www.topwebmarks.com/preview-webmark/,,,
bookmarkdiary.com,"Heart Centre in gurugram, haryana, CT scan services in gurugram, Haryana, Cardiology specialists in Gurugram",https://maps.app.goo.gl/AzooGh2feSnPB3KC9,https://www.bookmarkdiary.com/preview-bookmark/,,,
hdbookmarks.com,"Heart Centre in gurugram, haryana, CT scan services in gurugram, Haryana, Cardiology specialists in Gurugram",https://maps.app.goo.gl/AzooGh2feSnPB3KC9,https://www.hdbookmarks.com/your-health-our-priority-discover-the-expert-healthcare-solutions-in-gurugram-with-umang-hospital/,,,
bookmarkcircle.com,"Heart Centre in gurugram, haryana, CT scan services in gurugram, Haryana, Cardiology specialists in Gurugram",https://maps.app.goo.gl/AzooGh2feSnPB3KC9,https://www.bookmarkcircle.com/your-health-our-priority-discover-the-expert-healthcare-solutions-in-gurugram-with-umang-hospital/,,,
bookmarkinghost.com,"Heart Centre in gurugram, haryana, CT scan services in gurugram, Haryana, Cardiology specialists in Gurugram",https://maps.app.goo.gl/AzooGh2feSnPB3KC9,https://www.bookmarkinghost.com/your-health-our-priority-discover-the-expert-healthcare-solutions-in-gurugram-with-umang-hospital/,,,
industrybookmarks.com,"Heart Centre in gurugram, haryana, CT scan services in gurugram, Haryana, Cardiology specialists in Gurugram",https://maps.app.goo.gl/AzooGh2feSnPB3KC9,https://www.industrybookmarks.com/your-health-our-priority-discover-the-expert-healthcare-solutions-in-gurugram-with-umang-hospital/,,,
seosubmitbookmark.com,"Heart Centre in gurugram, haryana, CT scan services in gurugram, Haryana, Cardiology specialists in Gurugram",https://maps.app.goo.gl/AzooGh2feSnPB3KC9,https://www.seosubmitbookmark.com/preview-listing/,,,
readybookmarks.com,"Heart Centre in gurugram, haryana, CT scan services in gurugram, Haryana, Cardiology specialists in Gurugram",https://maps.app.goo.gl/AzooGh2feSnPB3KC9,https://www.readybookmarks.com/preview-post/,,,
https://bookmarkyourlink.xyz/submit,"Heart Centre in gurugram, haryana, CT scan services in gurugram, Haryana, Cardiology specialists in Gurugram",https://maps.app.goo.gl/AzooGh2feSnPB3KC9,https://bookmarkyourlink.xyz/page/science-technology/your-health-our-priority-discover-the-expert-healthcare-solutions-in-gurugram-with-umang-hospital,,,
stackbookmarks.com,"Heart Centre in gurugram, haryana, CT scan services in gurugram, Haryana, Cardiology specialists in Gurugram",https://maps.app.goo.gl/AzooGh2feSnPB3KC9,https://www.stackbookmarks.com/preview-story/,,,
postarticlenow.com,"Heart Centre in gurugram, haryana, CT scan services in gurugram, Haryana, Cardiology specialists in Gurugram",https://maps.app.goo.gl/AzooGh2feSnPB3KC9,https://www.postarticlenow.com/your-health-our-prioritydiscover-the-expert-healthcare-solutions-in-gurugram-with-umang-hospital/,,,
bookmarkidea.com,"Heart Centre in gurugram, haryana, CT scan services in gurugram, Haryana, Cardiology specialists in Gurugram",https://maps.app.goo.gl/AzooGh2feSnPB3KC9,https://www.bookmarkidea.com/your-health-our-priority-discover-the-expert-healthcare-solutions-in-gurugram-with-umang-hospital/,,, 
bookmarkinbox.info,"Heart Centre in gurugram, haryana, CT scan services in gurugram, Haryana, Cardiology specialists in Gurugram",https://maps.app.goo.gl/AzooGh2feSnPB3KC9,https://www.bookmarkinbox.info/your-health-our-priority-discover-the-expert-healthcare-solutions-in-gurugram-with-umang-hospital/,,,
crossbookmarks.com,"Heart Centre in gurugram, haryana, CT scan services in gurugram, Haryana, Cardiology specialists in Gurugram",https://maps.app.goo.gl/AzooGh2feSnPB3KC9,https://www.crossbookmarks.com/your-health-our-priority-discover-the-expert-healthcare-solutions-in-gurugram-with-umang-hospital/,,,
systembookmarks.com,"Heart Centre in gurugram, haryana, CT scan services in gurugram, Haryana, Cardiology specialists in Gurugram",https://maps.app.goo.gl/AzooGh2feSnPB3KC9,https://www.systembookmarks.com/your-health-our-priority-discover-the-expert-healthcare-solutions-in-gurugram-with-umang-hospital/,,,
appbookmarks.com,"Heart Centre in gurugram, haryana, CT scan services in gurugram, Haryana, Cardiology specialists in Gurugram",https://maps.app.goo.gl/AzooGh2feSnPB3KC9,https://www.appbookmarks.com/your-health-our-priority-discover-the-expert-healthcare-solutions-in-gurugram-with-umang-hospital/,,,
articlemerits.com,"Heart Centre in gurugram, haryana, CT scan services in gurugram, Haryana, Cardiology specialists in Gurugram",https://maps.app.goo.gl/AzooGh2feSnPB3KC9,https://www.articlemerits.com/your-health-our-priority-discover-the-expert-healthcare-solutions-in-gurugram-with-umang-hospital/,,,
https://www.top100socialbookmarkingsites.seoworld.in/,"Heart Centre in gurugram, haryana, CT scan services in gurugram, Haryana, Cardiology specialists in Gurugram",https://maps.app.goo.gl/AzooGh2feSnPB3KC9,https://www.top100socialbookmarkingsites.seoworld.in/2025/04/29/your-health-our-priority-discover-the-expert-healthcare-solutions-in-gurugram-with-umang-hospital/,,,
articlevote.com,"Heart Centre in gurugram, haryana, CT scan services in gurugram, Haryana, Cardiology specialists in Gurugram",https://maps.app.goo.gl/AzooGh2feSnPB3KC9,https://www.articlevote.com/your-health-our-priority-discover-the-expert-healthcare-solutions-in-gurugram-with-umang-hospita/,,,
,,,,,,
https://www.socialbookmarkingsitesinusa.seoworld.in/,"Heart Centre in gurugram, haryana, CT scan services in gurugram, Haryana, Cardiology specialists in Gurugram",https://maps.app.goo.gl/AzooGh2feSnPB3KC9,https://www.socialbookmarkingsitesinusa.seoworld.in/2025/05/13/your-health-our-priority-discover-the-expert-healthcare-solutions-in-gurugram-with-umang-hospital/,",",,
https://www.socialsharingsiteslist.seoworld.in/,"Heart Centre in gurugram, haryana, CT scan services in gurugram, Haryana, Cardiology specialists in Gurugram",https://maps.app.goo.gl/AzooGh2feSnPB3KC9,https://www.socialsharingsiteslist.seoworld.in/2025/05/13/your-health-our-priority-discover-the-expert-healthcare-solutions-in-gurugram-with-umang-hospital/,,,
https://www.bookmarkingwebsites.seoworld.in/,"Heart Centre in gurugram, haryana, CT scan services in gurugram, Haryana, Cardiology specialists in Gurugram",https://maps.app.goo.gl/AzooGh2feSnPB3KC9,https://www.bookmarkingwebsites.seoworld.in/2025/05/13/your-health-our-priority-discover-the-expert-healthcare-solutions-in-gurugram-with-umang-hospital/,,,
www.bookmarkbid.com,"best hospital in gurugram,24/7 emergency care hospital in gurugram,cardiology hospital in gurugram,
",https://maps.app.goo.gl/AzooGh2feSnPB3KC9,https://www.bookmarkbid.com/your-health-our-priority-discover-the-expert-healthcare-solutions-in-gurugram-with-umang-hospital/,,,
www.bookmarkinghost.com,"best hospital in gurugram,24/7 emergency care hospital in gurugram,cardiology hospital in gurugram,
",https://maps.app.goo.gl/AzooGh2feSnPB3KC9,https://www.bookmarkinghost.com/your-health-our-priority-discover-the-expert-healthcare-solutions-in-gurugram-with-umang-hospital/,,,
www.directoryposts.com,"best hospital in gurugram,24/7 emergency care hospital in gurugram,cardiology hospital in gurugram,
",https://maps.app.goo.gl/AzooGh2feSnPB3KC9,https://www.directoryposts.com/your-health-our-priority-discover-the-expert-healthcare-solutions-in-gurugram-with-umang-hospital/,,,
www.seolinksubmit.com,"best hospital in gurugram,24/7 emergency care hospital in gurugram,cardiology hospital in gurugram,
",https://maps.app.goo.gl/AzooGh2feSnPB3KC9,https://www.seolinksubmit.com/your-health-our-priority-discover-the-expert-healthcare-solutions-in-gurugram-with-umang-hospital/,,,
samaysawara.in,"best hospital in gurugram,24/7 emergency care hospital in gurugram,cardiology hospital in gurugram,
",https://maps.app.goo.gl/AzooGh2feSnPB3KC9,https://samaysawara.in/story/your-health-our-priority-discover-the-expert-healthcare-solutions-in-gurugram-with-umang-hospital,,,
www.directoryfeeds.com,"best hospital in gurugram,24/7 emergency care hospital in gurugram,cardiology hospital in gurugram,
",https://maps.app.goo.gl/AzooGh2feSnPB3KC9,https://www.directoryfeeds.com/your-health-our-priority-discover-the-expert-healthcare-solutions-in-gurugram-with-umang-hospital/,,,
www.bookmarkset.com,"best hospital in gurugram,24/7 emergency care hospital in gurugram,cardiology hospital in gurugram,
",https://maps.app.goo.gl/AzooGh2feSnPB3KC9,https://www.bookmarkset.com/your-health-our-priority-discover-the-expert-healthcare-solutions-in-gurugram-with-umang-hospital/,,,
www.jobsrail.com,"best hospital in gurugram,24/7 emergency care hospital in gurugram,cardiology hospital in gurugram,
",https://maps.app.goo.gl/AzooGh2feSnPB3KC9,https://www.jobsrail.com/your-health-our-priority-discover-the-expert-healthcare-solutions-in-gurugram-with-umang-hospital/,,,
www.directorystock.com,"best hospital in gurugram,24/7 emergency care hospital in gurugram,cardiology hospital in gurugram,
",https://maps.app.goo.gl/AzooGh2feSnPB3KC9,https://www.directorystock.com/your-health-our-priority-discover-the-expert-healthcare-solutions-in-gurugram-with-umang-hospital/,,,
www.craigsdirectory.com,"best hospital in gurugram,24/7 emergency care hospital in gurugram,cardiology hospital in gurugram,
",https://maps.app.goo.gl/AzooGh2feSnPB3KC9,https://www.craigsdirectory.com/your-health-our-priority-discover-the-expert-healthcare-solutions-in-gurugram-with-umang-hospital/,,,
socialmedia.bookmarking.info,"Heart Centre in gurugram, haryana, CT scan services in gurugram, Haryana, Cardiology specialists in Gurugram
",https://maps.app.goo.gl/AzooGh2feSnPB3KC9,https://socialmedia.bookmarking.info/story/your-health-our-priority-discover-the-expert-healthcare-solutions-in-gurugram-with-umang-hospital,,,
a1bookmarks.com,"Heart Centre in gurugram, haryana, CT scan services in gurugram, Haryana, Cardiology specialists in Gurugram
",https://maps.app.goo.gl/AzooGh2feSnPB3KC9,https://www.a1bookmarks.com/preview-story/#google_vignette,,,
a2zbookmarking.com,"Heart Centre in gurugram, haryana, CT scan services in gurugram, Haryana, Cardiology specialists in Gurugram
",https://maps.app.goo.gl/AzooGh2feSnPB3KC9,https://www.a2zbookmarking.com/preview-story/#google_vignette,,,
www.bookmarktalk.info,"best hospital in gurugram,24/7 emergency care hospital in gurugram,cardiology hospital in gurugram,
",https://maps.app.goo.gl/AzooGh2feSnPB3KC9,https://www.bookmarktalk.info/your-health-our-priority-discover-the-expert-healthcare-solutions-in-gurugram-with-umang-hospital/,,,
www.bookmarktheme.info,"best hospital in gurugram,24/7 emergency care hospital in gurugram,cardiology hospital in gurugram,
",https://maps.app.goo.gl/AzooGh2feSnPB3KC9,https://www.bookmarktheme.info/your-health-our-priority-discover-the-expert-healthcare-solutions-in-gurugram-with-umang-hospita/,,,
https://bookmark4you.online/,"best hospital in gurugram,24/7 emergency care hospital in gurugram,cardiology hospital in gurugram,
",https://maps.app.goo.gl/AzooGh2feSnPB3KC9,https://bookmark4you.online/page/science-technology/your-health-our-priority-discover-the-expert-healthcare-solutions-in-gurugram-with-umang-hospital,,,
https://www.cipinet.com/,"best hospital in gurugram,24/7 emergency care hospital in gurugram,Umang Diagnostic Centre,Diagnostic Centre with lowest rates,Ultrasound at lowest rates,Affordable diagnostic tests in Gurugram,X-ray and CT scan in Gurugram,24x7 pharmacy in Gurgaon",https://maps.app.goo.gl/AzooGh2feSnPB3KC9,https://www.cipinet.com/adv.php,,,
https://pitchwall.co/,"best hospital in gurugram,24/7 emergency care hospital in gurugram,Umang Diagnostic Centre,Diagnostic Centre with lowest rates,Ultrasound at lowest rates,Affordable diagnostic tests in Gurugram,X-ray and CT scan in Gurugram,24x7 pharmacy in Gurgaon",https://maps.app.goo.gl/AzooGh2feSnPB3KC9,https://pitchwall.co/product/best-hospital-in-gurugram,,,
https://blog.freeadstime.org/,"best hospital in gurugram,24/7 emergency care hospital in gurugram,Umang Diagnostic Centre,Diagnostic Centre with lowest rates,Ultrasound at lowest rates,Affordable diagnostic tests in Gurugram,X-ray and CT scan in Gurugram,24x7 pharmacy in Gurgaon",https://maps.app.goo.gl/AzooGh2feSnPB3KC9,https://blog.freeadstime.org/article-submitted/,,,
https://www.codifypedia.com/,"best hospital in gurugram,24/7 emergency care hospital in gurugram,Umang Diagnostic Centre,Diagnostic Centre with lowest rates,Ultrasound at lowest rates,Affordable diagnostic tests in Gurugram,X-ray and CT scan in Gurugram,24x7 pharmacy in Gurgaon",https://maps.app.goo.gl/AzooGh2feSnPB3KC9,https://www.codifypedia.com/Default.aspx,,,
https://www.ontoplist.com/,"best hospital in gurugram,24/7 emergency care hospital in gurugram,Umang Diagnostic Centre,Diagnostic Centre with lowest rates,Ultrasound at lowest rates,Affordable diagnostic tests in Gurugram,X-ray and CT scan in Gurugram,24x7 pharmacy in Gurgaon",https://maps.app.goo.gl/AzooGh2feSnPB3KC9,https://www.ontoplist.com/request-review/68f74be350079/,,,
https://www.dropmark.com/,"best hospital in gurugram,24/7 emergency care hospital in gurugram,Umang Diagnostic Centre,Diagnostic Centre with lowest rates,Ultrasound at lowest rates,Affordable diagnostic tests in Gurugram,X-ray and CT scan in Gurugram,24x7 pharmacy in Gurgaon",https://maps.app.goo.gl/AzooGh2feSnPB3KC9,https://umanghospital.dropmark.com/2020067,,,
https://www.social-bookmarkingsites.com/,"best hospital in gurugram,24/7 emergency care hospital in gurugram,Umang Diagnostic Centre,Diagnostic Centre with lowest rates,Ultrasound at lowest rates,Affordable diagnostic tests in Gurugram,X-ray and CT scan in Gurugram,24x7 pharmacy in Gurgaon",https://maps.app.goo.gl/AzooGh2feSnPB3KC9,https://www.social-bookmarkingsites.com/submit,,,
https://www.freewebsubmission.com/,"best hospital in gurugram,24/7 emergency care hospital in gurugram,Umang Diagnostic Centre,Diagnostic Centre with lowest rates,Ultrasound at lowest rates,Affordable diagnostic tests in Gurugram,X-ray and CT scan in Gurugram,24x7 pharmacy in Gurgaon",https://maps.app.goo.gl/AzooGh2feSnPB3KC9,https://www.freewebsubmission.com/cgi-bin/submit-async.cgi#,,,
https://bookmarkport.com/,"best hospital in gurugram,24/7 emergency care hospital in gurugram,Umang Diagnostic Centre,Diagnostic Centre with lowest rates,Ultrasound at lowest rates,Affordable diagnostic tests in Gurugram,X-ray and CT scan in Gurugram,24x7 pharmacy in Gurgaon",https://maps.app.goo.gl/AzooGh2feSnPB3KC9,https://bookmarkport.com/story23113147/your-health-our-priority-discover-the-expert-healthcare-solutions-in-gurugram-with-umang-superspeciality-hospital,,,
https://bookmarkextent.com/,"best hospital in gurugram,24/7 emergency care hospital in gurugram,Umang Diagnostic Centre,Diagnostic Centre with lowest rates,Ultrasound at lowest rates,Affordable diagnostic tests in Gurugram,X-ray and CT scan in Gurugram,24x7 pharmacy in Gurgaon",https://maps.app.goo.gl/AzooGh2feSnPB3KC9,https://bookmarkextent.com/story22478899/your-health-our-priority-discover-the-expert-healthcare-solutions-in-gurugram-with-umang-superspeciality-hospital,,,
https://bookmarkbirth.com/,"best hospital in gurugram,24/7 emergency care hospital in gurugram,Umang Diagnostic Centre,Diagnostic Centre with lowest rates,Ultrasound at lowest rates,Affordable diagnostic tests in Gurugram,X-ray and CT scan in Gurugram,24x7 pharmacy in Gurgaon",https://maps.app.goo.gl/AzooGh2feSnPB3KC9,https://bookmarkbirth.com/story20954868/your-health-our-priority-discover-the-expert-healthcare-solutions-in-gurugram-with-umang-superspeciality-hospital,,,
https://bookmarksclub.com/,"best hospital in gurugram,24/7 emergency care hospital in gurugram,Umang Diagnostic Centre,Diagnostic Centre with lowest rates,Ultrasound at lowest rates,Affordable diagnostic tests in Gurugram,X-ray and CT scan in Gurugram,24x7 pharmacy in Gurgaon",https://maps.app.goo.gl/AzooGh2feSnPB3KC9,https://bookmarksclub.com/home/add-backlink/,,,
,,,,,,
,,,,,,
,,,,,,
,,,,,,
,,,,,,
,,,,,,
,,,,,,
,,,,,,
,,,,,,
,,,,,,
,,,,,,
,,,,,,
,,,,,,
,,,,,,
,,,,,,
,,,,,,
,,,,,,
,,,,,,
,,,,,,
,,,,,,
,,,,,,
,,,,,,
,,,,,,
,,,,,,
,,,,,,
,,,,,,
,,,,,,
,,,,,,
,,,,,,
,,,,,,
,,,,,,
,,,,,,
,,,,,,
,,,,,,
,,,,,,
,,,,,,
,,,,,,
,,,,,,
,,,,,,
,,,,,,
,,,,,,
,,,,,,
,,,,,,
,,,,,,
,,,,,,
,,,,,,
,,,,,,
,,,,,,
,,,,,,
,,,,,,
,,,,,,
,,,,,,
,,,,,,
,,,,,,
,,,,,,
,,,,,,
,,,,,,
,,,,,,
,,,,,,
www.chatterchat.com,,,,,,
www.whizolosophy.com,,,,,,
,,,,,,
www.chodilinh.com,,,,,,
www.vkay.net,,,,,,
www.us.newyorktimesnow.com,,,,,,
www.storeboard.com,,,,,,
www.bookmark.hiauthors.com,,,,,,
www.99bookmarking.com,,,,,,
www.forum.contentos.io,,,,,,
www.aweblist.org,,,,,,
www.directory6.org,,,,,,
www.articlebowl.com,,,,,,
www.target-directory.com,,,,,,
www.articledistrict.com,,,,,,
www.articlefloor.com,,corpdocker.com,,,,
www.timessquarereporter.com,,,wikicraigs.com,,,
www.lessons.drawspace.com,,,bookmarkinghost.com,,,
www.99bookmarking.com,,,directoryfeeds.com,,,
www.forum.chainide.com,,,sitemapdirectory.com,,,
www.upsdirectory.com,,,directoryfaves.com,,,
www.hotdirectory.net,,,cafebookmarks.com,,,
www.penzu.com,,,,,,
www.dailygram.com,Blogs.FinderMaster.com,,hexadirectory.com,,,
www.bookmarkfrog.com,Article.AdvertiseEra.com,,craigsdirectory.com,,,
www.addonface.com,Blog.Shopolop.com,,corpjunction.com,,,
www.bestsocialbookmarkingsites.com,Blog.Yookalo.com,,,,,
www.triberr.com,Story.WallClassifieds.com,,,,,
www.pitchwall.com,Article.ClassifiedsFactor.com,,,,,
www.techspy.com,Blog.FreeAdsTime.org,,,,,
www.sitejot.com,,,,,,
www.video-bookmark.com,,,,,,
www.finestbookmarks.com,,,,,,
www.ukcommunityforum.co.uk,,,,,,
www.juttiesk.info,,,,,,
www.vimeo.com,,,,,,
www.substack.com,,,,,,
www.tagged.com,,,,,,
www.triller.com,,,,,,
www.dotnetkicks.com,,,,,,
www.diigo.com,,,,,,
www.meetup.com,,,,,,
www.disqus.com,,,,,,
www.listly.com,,,,,,
www.techdirt.com,,,,,,
www.wattpad.com,,,,,,
www.pusha.se.com,,,,,,
www.patreon.com,,,,,,
www.talkofcoppell.com,,,,,,
www.refind.com,,,,,,
www.netvouz.com,,,,,,
www.bandcamp.com,,,,,,
www.reverbnation.com,,,,,,
www.soundcloud.com,,,,,,
www.social-bookmarkingsites.com,,,,,,
www.myheritage.com,,,,,,
www.discord.com,,,,,,
www.flickr.com,,,,,,
www.instructables.com,,,,,,
www.fark.com,,,,,,
www.linkatopia.com,,,,,,
www.blogmarks.net,,,,,,
www.bitly.com,,,,,,
www.evernote.com,,,,,,
www.feedly.com,,,,,,
www.lastpass.com,,,,,,
www.trello.com,,,,,,
www.metafilter.com,,,,,,
www.dzone.com,,,,,,
www.bibsonomy.org,,,,,,
www.archive.org,,,,,,
www.safelinking.net,,,,,,
www.mewe.com,,,,,,
www.protopage.com,,,,,,
www.gab.com,,,,,,
www.sitebar.org,,,,,,
,,,,,,
businessorgs.com,,,,,,
bookmarktalk.com,,,,,,
hexadirectory.com,,,,,,
bookmarkpedia.com,,,,,,
corpdocker.com,,,,,,
publicbuysell.com,,,,,,
a2zsocialnews.com,,,,,,
bookmarkcart.info,,,,,,
openfaves.com,,,,,,
bookmarkmaps.com,,,,,,
,,,,,,
pinterest.com,,,,,,
www.hatena.ne.jp,,,,,,
www.scoop.it,,,,,,
digg.com,,,,,,
www.reddit.com,,,,,,
marketmystique.com,,,,,,
flipboard.com,,,,,,
www.diigo.com,,,,,,
www.tumblr.com,,,,,,
www.metafilter.com,,,,,,
share.bizsugar.com,,,,,,
www.bibsonomy.org,,,,,,
www.designfloat.com,,,,,,
public.bookmax.net,,,,,,
www.pusha.se,,,,,,
www.folkd.com,,,,,,
blogmarks.net,,,,,,
www.video-bookmark.com,,,,,,
www.sitejot.com,,,,,,
mix.com,,,,,,
www.fark.com,,,,,,
blogengage.com,,,,,,
growthhackers.com,,,,,,
www.myvidster.com,,,,,,
techspy.com,,,,,,
10lance.com,,,,,,
www.sociopost.com,,,,,,
mybookmarks.com,,,,,,
linkarena.com,,,,,,
www.akonter.com,,,,,,
netvouz.com,,,,,,
yoomark.com,,,,,,
www.startaid.com,,,,,,
www.blokube.com,,,,,,
www.highdabookmarking.com,,,,,,
bookmarktou.com,,,,,,
bookmarksclub.com,,,,,,
www.ferventing.com,,,,,,
www.addlikes.com,,,,,,
www.socialbookmarkiseasy.info,,,,,,
www.socialbookmarknow.info,,,,,,
www.bookmarkcart.info,,,,,,
www.livewebmarks.com,,,,,,
www.a1bookmarks.com,,,,,,
www.votetags.info,,,,,,
socialmediainuk.com,,,,,,
www.prbookmarks.com,,,,,,
www.a2zbookmarks.com,,,,,,
www.bookmarkmaps.com,,,,,,
www.a2zbookmarking.com,,,,,,
www.newsciti.com,,,,,,
oyepin.com,,,,,,
www.mozylinks.com,,,,,,
www.sbookmarking.com,,,,,,
www.tourbr.com,,,,,,
indianscoop.net,,,,,,
www.social-key.com,,,,,,
www.juttiesk.info,,,,,,
www.bookmarktheme.com,,,,,,
www.bookmarkcart.com,,,,,,
www.onlinewebmarks.com,,,,,,
www.votetags.com,,,,,,
www.publicbuysell.com,,,,,,
www.bookmarkfollow.com,,,,,,
www.bsocialbookmarking.info,,,,,,
www.tuffclicks.com,,,,,,
www.mysavenshare.com,,,,,,
www.peoplebookmarks.com,,,,,,
www.socbookmarking.com,,,,,,
www.bookmarkwiki.com,,,,,,
www.bookmarkspot.com,,,,,,
www.socialwebmarks.com,,,,,,
www.bookmarks2u.com,,,,,,
www.bookmarkdeal.com,,,,,,
www.seosubmitbookmark.com,,,,,,
www.activebookmarks.com,,,,,,
www.lucidhut.com,,,,,,
drikdir.com,,,,,,
www.subbmitt.com,,,,,,
www.bookmarkwebby.com,,,,,,
www.bookmarkdiary.com,,,,,,
prbookmarking.club,,,,,,
linkgeanie.com,,,,,,
,,,,,,
,,,,,,
,,,,,,
,,,,,,
www.submitportal.com,,,,,,
,,,,,,
,,,,,,
www.bookmarkinbox.com,,,,,,
,,,,,,
,,,,,,
,,,,,,
www.bookmarkinbox.info,,,,,,
,,,,,,
,,,,,,
,,,,,,
,,,,,,
,,,,,,
,,,,,,
,,,,,,
,,,,,,
,,,,,,
,,,,,,
,,,,,,
,,,,,,
,,,,,,
,,,,,,
,,,,,,
,,,,,,
,,,,,,
,businessinmyarea.com,,,,,
